{"20250915":{"cd_7":{"target":2.0,"75":0.0},"cd_30":{"target":2.0,"75":0.0}},"20250917":{"cd_7":{"target":1.0,"75":0.5},"cd_30":{"target":1.0,"75":0.5},"tsw_7":{"target":0.5357142857142857,"75":0.49107142857142855},"tsw_30":{"target":0.5357142857142857,"75":0.49107142857142855}}}