{"20250914":{"cd_7":{"target":4.0,"75":1.75},"cd_30":{"target":4.0,"75":1.75}},"20250917":{"cd_7":{"target":3.0,"75":2.5},"cd_30":{"target":3.0,"75":2.5},"tsw_7":{"target":1.9642857142857142,"75":1.857142857142857},"tsw_30":{"target":1.9642857142857142,"75":1.857142857142857}}}