{"20251022":{"cd_7":{"target":3.0,"75":0.0},"cd_30":{"target":3.0,"75":0.0},"tsw_7":{"target":0.32142857142857145,"75":0.0},"tsw_30":{"target":0.32142857142857145,"75":0.0},"cd_tsw_30":{"target":0.3214285714285714,"75":0.0},"cd_tsw_7":{"target":0.3214285714285714,"75":0.0},"tsw_tsw_30":{"target":0.034438775510204085,"75":0.0},"tsw_tsw_7":{"target":0.034438775510204085,"75":0.0}}}