{"20251008":{"cd_tsw_30":{"target":0.03571428571428571,"75":0.0},"cd_tsw_7":{"target":0.03571428571428571,"75":0.0}},"20251009":{"cd_tsw_30":{"target":0.07142857142857141,"75":0.0},"cd_tsw_7":{"target":0.07142857142857141,"75":0.017857142857142856}}}