{"20251119":{"cd_7":{"target":32.0,"75":0.0},"cd_30":{"target":32.0,"75":0.0},"tsw_7":{"target":3.4285714285714275,"75":0.0},"tsw_30":{"target":3.4285714285714275,"75":0.0},"cd_tsw_30":{"target":3.4285714285714275,"75":0.0},"cd_tsw_7":{"target":3.4285714285714275,"75":0.0},"tsw_tsw_30":{"target":0.36734693877550995,"75":0.0},"tsw_tsw_7":{"target":0.36734693877550995,"75":0.0}}}