{"20251119":{"cd_7":{"target":260.0,"75":0.0},"cd_30":{"target":260.0,"75":0.0},"tsw_7":{"target":27.85714285714285,"75":0.0},"tsw_30":{"target":27.85714285714285,"75":0.0},"cd_tsw_30":{"target":27.85714285714285,"75":0.0},"cd_tsw_7":{"target":27.85714285714285,"75":0.0},"tsw_tsw_30":{"target":2.984693877551019,"75":0.0},"tsw_tsw_7":{"target":2.984693877551019,"75":0.0}}}