{"20251119":{"cd_7":{"target":2.0,"75":0.0},"cd_30":{"target":2.0,"75":0.0},"tsw_7":{"target":0.21428571428571427,"75":0.0},"tsw_30":{"target":0.21428571428571427,"75":0.0},"cd_tsw_30":{"target":0.21428571428571422,"75":0.0},"cd_tsw_7":{"target":0.21428571428571422,"75":0.0},"tsw_tsw_30":{"target":0.022959183673469382,"75":0.0},"tsw_tsw_7":{"target":0.022959183673469382,"75":0.0}},"20251120":{"tsw_7":{"target":0.14285714285714282,"75":0.07142857142857141},"tsw_30":{"target":0.14285714285714282,"75":0.0},"tsw_tsw_30":{"target":0.030612244897959166,"75":0.0},"tsw_tsw_7":{"target":0.030612244897959166,"75":0.011479591836734691}}}