{"20250929":{"cd_7":{"target":2.0,"75":1.0},"cd_30":{"target":2.0,"75":1.0}},"20251006":{"cd_tsw_30":{"target":0.0,"75":-0.05357142857142857},"cd_tsw_7":{"target":0.0,"75":-0.05357142857142857}}}