{"20250930":{"cd_7":{"target":2.0,"75":0.5},"cd_30":{"target":2.0,"75":0.5}},"20251003":{"tsw_7":{"target":1.214285714285714,"75":1.1160714285714284},"tsw_30":{"target":1.214285714285714,"75":1.1160714285714284}}}