{"20251016":{"cd_7":{"target":1.0,"75":0.0},"cd_30":{"target":1.0,"75":0.0},"cd_tsw_30":{"target":0.10714285714285711,"75":0.0},"cd_tsw_7":{"target":0.10714285714285711,"75":0.0}}}