{"20250923":{"cd_tsw_30":{"target":0.03571428571428571,"75":0.0},"cd_tsw_7":{"target":0.03571428571428571,"75":0.0}}}