{"20250918":{"cd_tsw_30":{"target":-0.28571428571428564,"75":-0.31249999999999994},"cd_tsw_7":{"target":-0.28571428571428564,"75":-0.31249999999999994}}}