{"20250918":{"cd_tsw_30":{"target":-0.28571428571428564,"75":-0.31249999999999994},"cd_tsw_7":{"target":-0.28571428571428564,"75":-0.31249999999999994}},"20250920":{"cd_tsw_30":{"target":-0.10714285714285711,"75":-0.2410714285714285},"cd_tsw_7":{"target":-0.10714285714285711,"75":-0.2410714285714285}}}