{"20250727":{"cd_7":{"target":3.0,"75":0.0},"cd_30":{"target":3.0,"75":0.0}},"20250729":{"tsw_7":{"target":0.6428571428571427,"75":0.6160714285714284},"tsw_30":{"target":0.6428571428571427,"75":0.6160714285714284}}}