{"20251021":{"cd_7":{"target":1.0,"75":0.75},"cd_30":{"target":1.0,"75":0.75}},"20251023":{"cd_tsw_30":{"target":0.035714285714285705,"75":-0.008928571428571425},"cd_tsw_7":{"target":0.035714285714285705,"75":-0.008928571428571425}}}