{"20251023":{"cd_7":{"target":2.0,"75":1.5},"cd_tsw_30":{"target":-0.10714285714285711,"75":-0.2410714285714285},"cd_tsw_7":{"target":-0.10714285714285711,"75":-0.2410714285714285}},"20251024":{"cd_tsw_30":{"target":2.0981243021257878e-17,"75":-0.05357142857142855},"cd_tsw_7":{"target":2.0981243021257878e-17,"75":-0.05357142857142855}}}