{"20250930":{"cd_7":{"target":1.0,"75":0.25},"cd_30":{"target":1.0,"75":0.25}},"20251003":{"tsw_7":{"target":0.21428571428571427,"75":0.21428571428571425},"tsw_30":{"target":0.21428571428571427,"75":0.21428571428571425}}}