{"20250928":{"cd_7":{"target":4.0,"75":3.75},"cd_30":{"target":4.0,"75":3.75}},"20251005":{"cd_tsw_30":{"target":0.0357142857142857,"75":-0.05357142857142856},"cd_tsw_7":{"target":0.0357142857142857,"75":-0.05357142857142856}}}