{"20251003":{"cd_7":{"target":48.0,"75":37.5},"cd_30":{"target":48.0,"75":37.5},"tsw_7":{"target":31.17857142857142,"75":30.562499999999993},"tsw_30":{"target":31.17857142857142,"75":30.562499999999993}}}