{"20250928":{"cd_7":{"target":0.0,"75":-0.25},"cd_30":{"target":0.0,"75":-0.25}},"20251003":{"tsw_7":{"target":0.0,"75":-0.026785714285714277},"tsw_30":{"target":0.0,"75":-0.026785714285714277}}}