{"20250724":{"cd_7":{"target":1.0,"75":0.75},"cd_30":{"target":1.0,"75":0.75}},"20250731":{"cd_tsw_30":{"target":0.0,"75":-0.035714285714285705},"cd_tsw_7":{"target":0.0,"75":-0.035714285714285705}}}