{"20250507":{"cd_7":{"target":1.0,"75":0.0},"cd_30":{"target":1.0,"75":0.0}},"20250509":{"tsw_7":{"target":0.21428571428571422,"75":0.2053571428571428},"tsw_30":{"target":0.21428571428571422,"75":0.2053571428571428}}}