{"20250928":{"cd_tsw_30":{"target":0.03571428571428571,"75":0.0},"cd_tsw_7":{"target":0.03571428571428571,"75":0.0}},"20250929":{"cd_7":{"target":1.0,"75":0.0},"cd_30":{"target":1.0,"75":0.0},"tsw_7":{"target":2.0981243021257878e-17,"75":-0.053571428571428555},"tsw_30":{"target":2.0981243021257878e-17,"75":0.0},"cd_tsw_30":{"target":0.17857142857142852,"75":0.0},"cd_tsw_7":{"target":0.17857142857142852,"75":0.017857142857142856},"tsw_tsw_7":{"target":-0.006377551020408161,"75":-0.008928571428571423}}}