{"20250816":{"tsw_7":{"target":-0.10714285714285711,"75":-0.10714285714285712}},"20250817":{"tsw_7":{"target":0.0,"75":-0.10714285714285712}}}