{"20250816":{"tsw_7":{"target":-0.10714285714285711,"75":-0.10714285714285712}}}