{"20250808":{"tsw_7":{"target":0.0,"75":-0.10714285714285711}},"20250809":{"tsw_7":{"target":0.0,"75":-0.053571428571428555}}}