{"20251120":{"cd_7":{"target":1.0,"75":0.0},"cd_30":{"target":1.0,"75":0.0},"tsw_7":{"target":0.10714285714285711,"75":0.0},"tsw_30":{"target":0.10714285714285711,"75":0.0},"cd_tsw_30":{"target":0.10714285714285711,"75":0.0},"cd_tsw_7":{"target":0.10714285714285711,"75":0.0},"tsw_tsw_30":{"target":0.011479591836734686,"75":0.0},"tsw_tsw_7":{"target":0.011479591836734686,"75":0.0}},"20251121":{"tsw_7":{"target":0.17857142857142852,"75":0.053571428571428555},"tsw_30":{"target":0.17857142857142852,"75":0.0},"cd_tsw_30":{"target":0.07142857142857141,"75":0.0},"cd_tsw_7":{"target":0.07142857142857141,"75":0.035714285714285705},"tsw_tsw_30":{"target":0.026785714285714274,"75":0.0},"tsw_tsw_7":{"target":0.026785714285714274,"75":0.005739795918367343}}}