{"20251023":{"cd_tsw_30":{"target":-0.0714285714285714,"75":-0.08035714285714282},"cd_tsw_7":{"target":-0.0714285714285714,"75":-0.08035714285714282}},"20251028":{"cd_7":{"target":1.0,"75":0.5},"cd_tsw_30":{"target":4.1962486042515756e-17,"75":-0.08928571428571425},"cd_tsw_7":{"target":4.1962486042515756e-17,"75":-0.08928571428571425}}}