{"20251023":{"cd_tsw_30":{"target":-0.0714285714285714,"75":-0.08035714285714282},"cd_tsw_7":{"target":-0.0714285714285714,"75":-0.08035714285714282}}}