{"20251112":{"cd_7":{"target":1.0,"75":0.0},"cd_30":{"target":1.0,"75":0.0},"tsw_7":{"target":0.10714285714285711,"75":0.0},"tsw_30":{"target":0.10714285714285711,"75":0.0},"cd_tsw_30":{"target":0.10714285714285711,"75":0.0},"cd_tsw_7":{"target":0.10714285714285711,"75":0.026785714285714277}},"20251113":{"tsw_7":{"target":0.17857142857142855,"75":0.08035714285714284},"tsw_30":{"target":0.17857142857142855,"75":0.0},"cd_tsw_30":{"target":0.07142857142857141,"75":0.0}}}