{"20250808":{"cd_7":{"target":1.0,"75":0.5}},"20250809":{"tsw_7":{"target":0.3928571428571428,"75":0.3571428571428571}}}