{"20250716":{"cd_tsw_30":{"target":0.0,"75":-0.026785714285714277},"cd_tsw_7":{"target":0.0,"75":-0.026785714285714277}},"20250721":{"tsw_tsw_30":{"target":0.0,"75":-0.0028698979591836715},"tsw_tsw_7":{"target":0.0,"75":-0.0028698979591836715}}}