{
    "ss": {
        "count": {
            "forks_count": 29.0,
            "stargazers_count": 29.0,
            "watchers_count": 29.0,
            "contributor_count": 29.0,
            "subscribers_count": 29.0,
            "committers_count": 29.0
        },
        "mean": {
            "forks_count": 226.27586206896552,
            "stargazers_count": 1915.7586206896551,
            "watchers_count": 1915.7586206896551,
            "contributor_count": 34.48275862068966,
            "subscribers_count": 36.89655172413793,
            "committers_count": 3.5172413793103448
        },
        "std": {
            "forks_count": 0.4548588261473421,
            "stargazers_count": 8.998631532523602,
            "watchers_count": 8.998631532523602,
            "contributor_count": 0.8289705171033532,
            "subscribers_count": 0.724313842109842,
            "committers_count": 0.5085476277156078
        },
        "min": {
            "forks_count": 226.0,
            "stargazers_count": 1902.0,
            "watchers_count": 1902.0,
            "contributor_count": 33.0,
            "subscribers_count": 36.0,
            "committers_count": 3.0
        },
        "25%": {
            "forks_count": 226.0,
            "stargazers_count": 1907.0,
            "watchers_count": 1907.0,
            "contributor_count": 34.0,
            "subscribers_count": 36.0,
            "committers_count": 3.0
        },
        "50%": {
            "forks_count": 226.0,
            "stargazers_count": 1917.0,
            "watchers_count": 1917.0,
            "contributor_count": 35.0,
            "subscribers_count": 37.0,
            "committers_count": 4.0
        },
        "75%": {
            "forks_count": 227.0,
            "stargazers_count": 1925.0,
            "watchers_count": 1925.0,
            "contributor_count": 35.0,
            "subscribers_count": 37.0,
            "committers_count": 4.0
        },
        "max": {
            "forks_count": 227.0,
            "stargazers_count": 1929.0,
            "watchers_count": 1929.0,
            "contributor_count": 35.0,
            "subscribers_count": 38.0,
            "committers_count": 4.0
        },
        "variance": {
            "forks_count": 0.20689655172413798,
            "stargazers_count": 80.97536945812807,
            "watchers_count": 80.97536945812807,
            "contributor_count": 0.6871921182266006,
            "subscribers_count": 0.5246305418719212,
            "committers_count": 0.2586206896551723
        },
        "median": {
            "forks_count": 226.0,
            "stargazers_count": 1917.0,
            "watchers_count": 1917.0,
            "contributor_count": 35.0,
            "subscribers_count": 37.0,
            "committers_count": 4.0
        }
    },
    "rocd": {
        "20250206": {
            "forks_count": NaN,
            "stargazers_count": NaN,
            "watchers_count": NaN,
            "contributor_count": NaN,
            "subscribers_count": NaN,
            "committers_count": NaN
        },
        "20250207": {
            "forks_count": 0.0,
            "stargazers_count": 1.0,
            "watchers_count": 1.0,
            "contributor_count": 0.0,
            "subscribers_count": 0.0,
            "committers_count": 0.0
        },
        "20250208": {
            "forks_count": 0.0,
            "stargazers_count": 1.0,
            "watchers_count": 1.0,
            "contributor_count": 0.0,
            "subscribers_count": 0.0,
            "committers_count": 0.0
        },
        "20250209": {
            "forks_count": 0.0,
            "stargazers_count": 1.0,
            "watchers_count": 1.0,
            "contributor_count": 0.0,
            "subscribers_count": 0.0,
            "committers_count": 0.0
        },
        "20250210": {
            "forks_count": 0.0,
            "stargazers_count": 0.0,
            "watchers_count": 0.0,
            "contributor_count": 0.0,
            "subscribers_count": 0.0,
            "committers_count": 0.0
        },
        "20250211": {
            "forks_count": 0.0,
            "stargazers_count": 0.0,
            "watchers_count": 0.0,
            "contributor_count": 0.0,
            "subscribers_count": 0.0,
            "committers_count": 0.0
        },
        "20250212": {
            "forks_count": 0.0,
            "stargazers_count": 1.0,
            "watchers_count": 1.0,
            "contributor_count": 1.0,
            "subscribers_count": -1.0,
            "committers_count": 0.0
        },
        "20250213": {
            "forks_count": 0.0,
            "stargazers_count": 1.0,
            "watchers_count": 1.0,
            "contributor_count": 0.0,
            "subscribers_count": 0.0,
            "committers_count": 0.0
        },
        "20250214": {
            "forks_count": 0.0,
            "stargazers_count": 2.0,
            "watchers_count": 2.0,
            "contributor_count": 0.0,
            "subscribers_count": 0.0,
            "committers_count": 0.0
        },
        "20250215": {
            "forks_count": 0.0,
            "stargazers_count": 1.0,
            "watchers_count": 1.0,
            "contributor_count": 1.0,
            "subscribers_count": 0.0,
            "committers_count": 0.0
        },
        "20250216": {
            "forks_count": 0.0,
            "stargazers_count": 0.0,
            "watchers_count": 0.0,
            "contributor_count": 0.0,
            "subscribers_count": 0.0,
            "committers_count": 0.0
        },
        "20250217": {
            "forks_count": 0.0,
            "stargazers_count": 1.0,
            "watchers_count": 1.0,
            "contributor_count": 0.0,
            "subscribers_count": 0.0,
            "committers_count": 0.0
        },
        "20250218": {
            "forks_count": 0.0,
            "stargazers_count": 1.0,
            "watchers_count": 1.0,
            "contributor_count": 0.0,
            "subscribers_count": 0.0,
            "committers_count": 0.0
        },
        "20250219": {
            "forks_count": 0.0,
            "stargazers_count": 2.0,
            "watchers_count": 2.0,
            "contributor_count": 0.0,
            "subscribers_count": 0.0,
            "committers_count": 0.0
        },
        "20250220": {
            "forks_count": 0.0,
            "stargazers_count": 3.0,
            "watchers_count": 3.0,
            "contributor_count": 0.0,
            "subscribers_count": 0.0,
            "committers_count": 1.0
        },
        "20250221": {
            "forks_count": 0.0,
            "stargazers_count": 2.0,
            "watchers_count": 2.0,
            "contributor_count": 0.0,
            "subscribers_count": 0.0,
            "committers_count": 0.0
        },
        "20250222": {
            "forks_count": 0.0,
            "stargazers_count": 1.0,
            "watchers_count": 1.0,
            "contributor_count": 0.0,
            "subscribers_count": 0.0,
            "committers_count": 0.0
        },
        "20250223": {
            "forks_count": 0.0,
            "stargazers_count": 0.0,
            "watchers_count": 0.0,
            "contributor_count": 0.0,
            "subscribers_count": 0.0,
            "committers_count": 0.0
        },
        "20250224": {
            "forks_count": 0.0,
            "stargazers_count": 1.0,
            "watchers_count": 1.0,
            "contributor_count": 0.0,
            "subscribers_count": 0.0,
            "committers_count": 0.0
        },
        "20250225": {
            "forks_count": 0.0,
            "stargazers_count": 1.0,
            "watchers_count": 1.0,
            "contributor_count": 0.0,
            "subscribers_count": 0.0,
            "committers_count": 0.0
        },
        "20250226": {
            "forks_count": 0.0,
            "stargazers_count": 1.0,
            "watchers_count": 1.0,
            "contributor_count": 0.0,
            "subscribers_count": -1.0,